BarCode,Part #,Product,Quantity,Code,Case,Tracking #,Set,Flag Notes,RFID
,BLACKTIELINE,Roll Black Tie Line,1,,TUB 35,,Power 'n Other,,
,FLORESCENT GAFF,Roll Florescent Gaff Tape,2,,TUB 35,,Power 'n Other,,
,White Gaff,Roll White Gaff Tape,4,,TUB 35,,Power 'n Other,,
,BLACK GAFF,Roll Black Gaff Tape,10,,TUB 35,,Power 'n Other,,
7291,PIPE12,12' Pipe (black),1,,2X 12' PIPE,,Lighting,,
7290,PIPE12,12' Pipe (black),1,,2X 12' PIPE,,Lighting,,
7521,PIPE4,4' Pipe (black),1,,2X 4' PIPE,,Lighting,,
7517,PIPE4,4' Pipe (black),1,,2X 4' PIPE,,Lighting,,
7513,PIPE3,3' Pipe,1,,2X 3' PIPE,,Lighting,,
7510,PIPE3,3' Pipe,1,,2X 3' PIPE,,Lighting,,
5401,VACUUMCLEANER,HOOVER/DEEZ - HDBJ-2000/HDBJ-3000,1,,BJ3000,,"Stage 20' x 12' x 6""",,
1355,BILJAX4X4,Biljax - 4' x 4' Staging Panel,16,,4X 4PACK STAGE DOLY,,"Stage 20' x 12' x 6""",,
,,20' x 12' BLACK Stage Carpet,1,NS,1X 20'X 12' CARPET,,"Stage 20' x 12' x 6""",Nonstock Item.,
1345,SANDBAGS,25lb sandbag,10,,SB16,,Lighting,,
6486,SANDBAG CASE,SANDBAG CASE,1,,SB16,,Lighting,,
1345,SANDBAGS,25lb sandbag,10,,SB15,,Pipe & Drape,,
6485,SANDBAG CASE,SANDBAG CASE,1,,SB15,,Pipe & Drape,,
,HANDRAIL BOLT - SHORT BLACK,HANDRAIL BOLT - SHORT BLACK,4,,BLUE LEGS FLOATER,,"Stage 20' x 12' x 6""",,
,HANDRAIL BOLT-LONG BLACK,HANDRAIL BOLT-LONG BLACK,4,,BLUE LEGS FLOATER,,"Stage 20' x 12' x 6""",,
,ALT STAIR BOLT- LONG RED,ALT STAIR BOLT- LONG RED,4,,BLUE LEGS FLOATER,,"Stage 20' x 12' x 6""",,
,STAIR BOLT -SHORT RED,STAIR BOLT -SHORT RED,4,,BLUE LEGS FLOATER,,"Stage 20' x 12' x 6""",,
5271,BLACKSUEDESKIRT8INCH,"Black Suede Skirting - 13' W x 8"" H",4,,BLUE LEGS FLOATER,,"Stage 20' x 12' x 6""",,
1634,SNAPPIN,Staging Snap Pins,24,,BLUE LEGS FLOATER,,"Stage 20' x 12' x 6""",,
1605,RUBBERFEET,Rubber Feet,24,,BLUE LEGS FLOATER,,"Stage 20' x 12' x 6""",,
1359,4INCHINSERTS,4'' Inserts,24,,BLUE LEGS FLOATER,,"Stage 20' x 12' x 6""",,
2527,TOOLBOXCASE,Staging Toolbox Case,1,,BLUE LEGS FLOATER,,"Stage 20' x 12' x 6""",,
1670,STAPLER,Staplers,1,,BLUE LEGS FLOATER,,"Stage 20' x 12' x 6""",,
3154,SPIRITLEVEL,SPIRIT LEVEL,1,,BLUE LEGS FLOATER,,"Stage 20' x 12' x 6""",,
3353,SPEEDWRENCH,Speed Wrench,1,,BLUE LEGS FLOATER,,"Stage 20' x 12' x 6""",,
3060,SKIRTCLIPBOX,Skirting Clip Box,1,,BLUE LEGS FLOATER,,"Stage 20' x 12' x 6""",,
1543,NEEDLENOSEPLIER,Needle Nose Pliers,1,,BLUE LEGS FLOATER,,"Stage 20' x 12' x 6""",,
3352,DOUBLEOPENENDWRENCH,Double Open End Wrench,1,,BLUE LEGS FLOATER,,"Stage 20' x 12' x 6""",,
1449,CWRENCH,C-Wrench,1,,BLUE LEGS FLOATER,,"Stage 20' x 12' x 6""",,
1668,ALLENKEY,Staging Allen Keys,1,,BLUE LEGS FLOATER,,"Stage 20' x 12' x 6""",,
1377,50LBBASE,50lb lighting base,2,,2X 50LB BASE,,Lighting,,
1594,QUADBOX,Quad box,2,,AC109,,Lighting,,
1590,POWERSTRIP,Power Strip,2,,AC109,,Lighting,,
3108,DPLUG,D-Plug,2,,AC109,,Lighting,,
1469,CUBETAP,Cube Tap / edison,8,,AC109,,Lighting,,
1371,AC50FT,AC Cable 50',6,,AC109,,Lighting,,
1339,AC25FT,AC Cable 25',6,,AC109,,Lighting,,
1316,AC15FT/10FT,AC Cable 10'-15',6,,AC109,,Lighting,,
1283,AC100FT,AC Cable 100',2,,AC109,,Lighting,,
2697,ACCABLECASE,AC Cable Case,1,,AC109,,Lighting,,
6822,LADDER10,10' Ladder,1,,1X 10' LADDER,,Power 'n Other,,
2259,LADDER12,12' Ladder,1,,1X 12' LADDER,,Power 'n Other,,
5649,TABLE5FTFOLDING,5' Folding Table,1,,1X 5' TABLE,,Power 'n Other,,
4563,SCENESETTER48,Elation - Scene Setter 48,1,,SS48,,Lighting,,
8445,6FTFOLDINGTABLE,6' Folding Table,1,,1X 6' TABLE,,Power 'n Other,,
3775,RUBBERMAT,"18"" x 30"" Carpeted Rubber Mat",20,,20X RUBBER MATS,,Power 'n Other,,
1584,PIPEMASKING,Pipe Masking material (Black),6,,1527,,Lighting,,
5084,DMX5FT,5' DMX - 5 Pin Lighting Cable,16,,1527,,Lighting,,
1721,YELLOWJACKET,Yellow Jackets / 3' Cable Ramps,10,,10X YELLOW JACKETS,,Power 'n Other,,
5085,DMX10FT,10' DMX - 5 Pin Lighting Cable,16,,1527,,Lighting,,
,DMX5MALETO3FEMALE,5 Pin Male to 3 Pin Female DMX Turnarounds,2,,1527,,Lighting,,
1373,DMX50FT,50' DMX - 5 Pin Lighting Cable,6,,1527,,Lighting,,
,DMX3MALETO5FEMALE,3 Pin Male to 5 Pin Female DMX Turnarounds,2,,1527,,Lighting,,
1340,DMX25FT,25' DMX - 5 Pin Lighting Cable,8,,1527,,Lighting,,
3653,3PHASE12EDISONPD,3 Phase 12 Edison Circuit Power Distro,1,,1112,,Power 'n Other,,
1285,DMX100FT,100' DMX - 5 Pin Lighting Cable,4,,1527,,Lighting,,
,FEEDER CAMLOCK NEUTRAL TURNAROUND (FEMALE),FEEDER CAMLOCK NEUTRAL TURNAROUND (FEMALE),1,,1103,,Power 'n Other,,
,FEEDER CAMLOCK NEUTRAL TURNAROUND (MALE),FEEDER CAMLOCK NEUTRAL TURNAROUND (MALE),1,,1103,,Power 'n Other,,
,DIGITAL VOLT METER,DIGITAL VOLT METER,1,,1103,,Power 'n Other,,
,PD TOOL BOX,PD TOOL BOX,1,,1103,,Power 'n Other,,
10009,FEEDER CAMLOCK GROUND  TURNAROUND (FEMALE),FEEDER CAMLOCK GROUND  TURNAROUND (FEMALE),1,,1103,,Power 'n Other,,
10008,FEEDER CAMLOCK GROUND TURNAROUND (MALE),FEEDER CAMLOCK GROUND TURNAROUND (MALE),1,,1103,,Power 'n Other,,
,TIE IN ALLEN KEY SET,TIE IN ALLEN KEY SET,1,,1103,,Power 'n Other,,
,#2 PHILIPS SCREW DRIVER,#2 PHILIPS SCREW DRIVER,1,,1103,,Power 'n Other,,
4569,2/0JUMPERS,2/0 Jumpers Set,1,,1103,,Power 'n Other,,
1252,#2FEEDERTAILS,#2 Feeder Tails,1,,1103,,Power 'n Other,,
3808,#225FTFEEDER,#2 25' Feeder Cable,1,,1103,,Power 'n Other,,
1250,#250FTFEEDER,#2 50' Feeder Cable,1,,1103,,Power 'n Other,,
2735,1103,75' #2 Feeder Case,1,,1103,,Power 'n Other,,
5888,10X18BLACKDRAPE,10' W x 18' H Black Velour Drape Panel,8,,DRAPE 02,,Pipe & Drape,,
3442,BINDERCLIPAMMOBOX,Binder Clip Ammo Box,2,,1541,,Pipe & Drape,,
4996,CROSSBEAM7-12FT (YELLOW),Crossbars (7'-12' telescopic)(YELLOW),1,,9X 7'-12' CROSSBAR,,Pipe & Drape,,
4992,CROSSBEAM7-12FT (YELLOW),Crossbars (7'-12' telescopic)(YELLOW),1,,9X 7'-12' CROSSBAR,,Pipe & Drape,,
4980,CROSSBEAM7-12FT (YELLOW),Crossbars (7'-12' telescopic)(YELLOW),1,,9X 7'-12' CROSSBAR,,Pipe & Drape,,
3997,CROSSBEAM7-12FT (YELLOW),Crossbars (7'-12' telescopic)(YELLOW),1,,9X 7'-12' CROSSBAR,,Pipe & Drape,,
4983,CROSSBEAM7-12FT (YELLOW),Crossbars (7'-12' telescopic)(YELLOW),1,,9X 7'-12' CROSSBAR,,Pipe & Drape,,
4002,CROSSBEAM7-12FT (YELLOW),Crossbars (7'-12' telescopic)(YELLOW),1,,9X 7'-12' CROSSBAR,,Pipe & Drape,,
4989,CROSSBEAM7-12FT (YELLOW),Crossbars (7'-12' telescopic)(YELLOW),1,,9X 7'-12' CROSSBAR,,Pipe & Drape,,
4988,CROSSBEAM7-12FT (YELLOW),Crossbars (7'-12' telescopic)(YELLOW),1,,9X 7'-12' CROSSBAR,,Pipe & Drape,,
4986,CROSSBEAM7-12FT (YELLOW),Crossbars (7'-12' telescopic)(YELLOW),1,,9X 7'-12' CROSSBAR,,Pipe & Drape,,
4718,POWERCON5FTJUMPER,5' PowerCon Jumper,8,,1527,,Lighting,,
4719,POWERCON10FTJUMPER,10' PowerCon Jumper,8,,1527,,Lighting,,
4894,UPRIGHT7-17FT (GREEN),Upright Pipe (7' - 17')  (GREEN),1,,12X 7-17' UPRIGHT,,Pipe & Drape,,
5499,UPRIGHT7-17FT (GREEN),Upright Pipe (7' - 17')  (GREEN),1,,12X 7-17' UPRIGHT,,Pipe & Drape,,
4026,UPRIGHT7-17FT (GREEN),Upright Pipe (7' - 17')  (GREEN),1,,12X 7-17' UPRIGHT,,Pipe & Drape,,
5496,UPRIGHT7-17FT (GREEN),Upright Pipe (7' - 17')  (GREEN),1,,12X 7-17' UPRIGHT,,Pipe & Drape,,
4032,UPRIGHT7-17FT (GREEN),Upright Pipe (7' - 17')  (GREEN),1,,12X 7-17' UPRIGHT,,Pipe & Drape,,
4028,UPRIGHT7-17FT (GREEN),Upright Pipe (7' - 17')  (GREEN),1,,12X 7-17' UPRIGHT,,Pipe & Drape,,
5493,UPRIGHT7-17FT (GREEN),Upright Pipe (7' - 17')  (GREEN),1,,12X 7-17' UPRIGHT,,Pipe & Drape,,
4912,UPRIGHT7-17FT (GREEN),Upright Pipe (7' - 17')  (GREEN),1,,12X 7-17' UPRIGHT,,Pipe & Drape,,
4031,UPRIGHT7-17FT (GREEN),Upright Pipe (7' - 17')  (GREEN),1,,12X 7-17' UPRIGHT,,Pipe & Drape,,
4896,UPRIGHT7-17FT (GREEN),Upright Pipe (7' - 17')  (GREEN),1,,12X 7-17' UPRIGHT,,Pipe & Drape,,
4903,UPRIGHT7-17FT (GREEN),Upright Pipe (7' - 17')  (GREEN),1,,12X 7-17' UPRIGHT,,Pipe & Drape,,
4029,UPRIGHT7-17FT (GREEN),Upright Pipe (7' - 17')  (GREEN),1,,12X 7-17' UPRIGHT,,Pipe & Drape,,
3463,BASEMASKING,"4' x 8', 50lb Base Black Masking",24,,1527,,Lighting,,
1500,CHEESEFIXED,Fixed Cheeseboro,4,,1527,,Lighting,,
4827,POWERCONTRUE1TOEDISON,PowerCON TRUE1 to Male Edison Cable,1,,1527,,Lighting,,
1449,CWRENCH,C-Wrench,2,,1527,,Lighting,,
3148,PIPEWRENCH,PIPE WRENCH,2,,1527,,Lighting,,
5863,DMXOPTOFLEENOR124,Fleenor - 124 1x4 5 Pin DMX Opto Splitter,1,,1527,,Lighting,,
5864,DMXOPTOFLEENOR124,Fleenor - 124 1x4 5 Pin DMX Opto Splitter,1,,1527,,Lighting,,
5862,DMXOPTOENTECDSPLIT,Entec - D-Split 1x4 5 Pin DMX Opto Splitter,1,,1527,,Lighting,,
4709,TECHDRAPEBASE,"14"" x 16"" Tech Drape Base",1,,TD01,,Pipe & Drape,,
2337,TECHDRAPEBASE,"14"" x 16"" Tech Drape Base",1,,TD01,,Pipe & Drape,,
4711,TECHDRAPEBASE,"14"" x 16"" Tech Drape Base",1,,TD01,,Pipe & Drape,,
5527,TECHDRAPEBASE,"14"" x 16"" Tech Drape Base",1,,TD01,,Pipe & Drape,,
4082,TECHDRAPEBASE,"14"" x 16"" Tech Drape Base",1,,TD01,,Pipe & Drape,,
4868,TECHDRAPE4X5(W),4' W x 5' H Black Tech Drape Panel,2,,TD01,,Pipe & Drape,,
10006,tech drape 5'x5' black(G),5' W x 5' H Black Tech Drape Panel,6,,TD01,,Pipe & Drape,,
2338,TECHDRAPENIPPLE,"4"" Nipple for Tech Drape Base",5,,TD01,,Pipe & Drape,,
4012,UPRIGHT3-5FT,Upright Pipe (3' - 5'),1,,TD01,,Pipe & Drape,,
4009,UPRIGHT3-5FT,Upright Pipe (3' - 5'),1,,TD01,,Pipe & Drape,,
4706,UPRIGHT3-5FT,Upright Pipe (3' - 5'),1,,TD01,,Pipe & Drape,,
4011,UPRIGHT3-5FT,Upright Pipe (3' - 5'),1,,TD01,,Pipe & Drape,,
4705,UPRIGHT3-5FT,Upright Pipe (3' - 5'),1,,TD01,,Pipe & Drape,,
5536,CROSSBEAM3-5FT,Crossbar (3' - 5' telescopic),1,,TD01,,Pipe & Drape,,
3322,CROSSBEAM3-5FT,Crossbar (3' - 5' telescopic),1,,TD01,,Pipe & Drape,,
5520,CROSSBEAM4-7FT,Crossbar (4' - 7' telescopic),1,,TD01,,Pipe & Drape,,
5516,CROSSBEAM4-7FT,Crossbar (4' - 7' telescopic),1,,TD01,,Pipe & Drape,,
7751,TECH DRAPE CASE,TECH DRAPE CASE,1,,TD01,,Pipe & Drape,,
4938,18X18BASE,"18"" x 18"" Drape Base",1,,1541,,Pipe & Drape,,
4939,18X18BASE,"18"" x 18"" Drape Base",1,,1541,,Pipe & Drape,,
4940,18X18BASE,"18"" x 18"" Drape Base",1,,1541,,Pipe & Drape,,
4941,18X18BASE,"18"" x 18"" Drape Base",1,,1541,,Pipe & Drape,,
4942,18X18BASE,"18"" x 18"" Drape Base",1,,1541,,Pipe & Drape,,
4943,18X18BASE,"18"" x 18"" Drape Base",1,,1541,,Pipe & Drape,,
4944,18X18BASE,"18"" x 18"" Drape Base",1,,1541,,Pipe & Drape,,
4945,18X18BASE,"18"" x 18"" Drape Base",1,,1541,,Pipe & Drape,,
4946,18X18BASE,"18"" x 18"" Drape Base",1,,1541,,Pipe & Drape,,
4947,18X18BASE,"18"" x 18"" Drape Base",1,,1541,,Pipe & Drape,,
4948,18X18BASE,"18"" x 18"" Drape Base",1,,1541,,Pipe & Drape,,
7289,18X18BASE,"18"" x 18"" Drape Base",1,,1541,,Pipe & Drape,,
,NIPPLE6INCH,"6"" Nipple for 18x18 base",12,NS,1541,,Pipe & Drape,Nonstock Item.,
111112,CCLAMPHEAVYDUTY,C-Clamps (HEAVY DUTY),4,,TVL02,,Lighting,,
5790,DANTEAVIOUSB2X2,Audinate - Dante AVIO,1,,1550,,Audio,,
5791,DANTEAVIOUSB2X2,Audinate - Dante AVIO,1,,1550,,Audio,,
5839,DANTEAVIOUSB2X2,Audinate - Dante AVIO,1,,1550,,Audio,,
1612,SAFETY,Lighting Safeties,4,,TVL02,,Lighting,,
5842,DANTEAVIOUSB2X2,Audinate - Dante AVIO,1,,1550,,Audio,,
5792,DANTEAVIOUSB2X2,Audinate - Dante AVIO,1,,1550,,Audio,,
4827,POWERCONTRUE1TOEDISON,PowerCON TRUE1 to Male Edison Cable,1,,TVL02,,Lighting,,
4827,POWERCONTRUE1TOEDISON,PowerCON TRUE1 to Male Edison Cable,1,,TVL02,,Lighting,,
4827,POWERCONTRUE1TOEDISON,PowerCON TRUE1 to Male Edison Cable,1,,TVL02,,Lighting,,
4825,TVLPANELDW,Elation - TVL PANEL DW,1,,TVL02,,Lighting,,
4822,TVLPANELDW,Elation - TVL PANEL DW,1,,TVL02,,Lighting,,
5757,TVLPANELBARNDOOR,TVL PANEL Barndoor,1,,TVL02,,Lighting,,
5758,TVLPANELBARNDOOR,TVL PANEL Barndoor,1,,TVL02,,Lighting,,
4823,TVLPANELDW,Elation - TVL PANEL DW,1,,TVL02,,Lighting,,
7725,TVL CASE,TVL CASE,1,,TVL02,,Lighting,,
7159,DM 7 CONTROL EXPANSION,DM 7 CONTROL EXPANSION,1,,,,Audio,,
7158,YAMAHA DM 7 EX CASE,YAMAHA DM 7 EX CASE,1,,,,Audio,,
7157,DM7EX,Yamaha - DM7-EX,1,,980,,Audio,,
7939,BOOMSTANDTALL,Microphone Boom Stand (tall),1,,07,,Audio,,
8451,BOOMSTANDTALL,Microphone Boom Stand (tall),1,,07,,Audio,,
8454,BOOMSTANDTALL,Microphone Boom Stand (tall),1,,07,,Audio,,
8449,BOOMSTANDTALL,Microphone Boom Stand (tall),1,,07,,Audio,,
7166,K&M Speaker Stand,K&M Speaker Stand,1,,07,,Audio,,
7179,K&M Speaker Stand,K&M Speaker Stand,1,,07,,Audio,,
7743,MIC/SPEAKER STAND TUBE,MIC/SPEAKER STAND TUBE,1,,07,,Audio,,
7847,K&M Speaker Stand,K&M Speaker Stand,1,,01,,Audio,,
7180,K&M Speaker Stand,K&M Speaker Stand,1,,01,,Audio,,
7172,K&M Speaker Stand,K&M Speaker Stand,1,,01,,Audio,,
7171,K&M Speaker Stand,K&M Speaker Stand,1,,01,,Audio,,
7737,MIC/SPEAKER STAND TUBE,MIC/SPEAKER STAND TUBE,1,,01,,Audio,,
3883,CROWNXLS2500,Crown - XLS2500,1,,,,Audio,,
3960,CROWNXLS2500,Crown - XLS2500,1,,,,Audio,,
2652,DBXDRIVERACKPA,Dbx Drive Rack PA / PA+,1,,,,Audio,,
6569,XLS4CHAMPRACK,Crown - XLS2500 4 ch Amp Rack,1,,792,,Audio,,
3642,STX812M,JBL - STX812M,1,,715,,Audio,,
3967,STX812M,JBL - STX812M,1,,715,,Audio,,
7582,JBL STX812M CASE,JBL STX812M CASE,1,,715,,Audio,,
3750,POWERCONTOEDISON,PowerCon to Male Edison Cable,4,,6BAR06,,Lighting,,
4400,SIXBARFROST,ELATION SIXBAR Frost,4,,6BAR06,,Lighting,,
4401,SIXBARGLARESHIELD,SIXBAR Glare Shield,4,,6BAR06,,Lighting,,
4416,SIXBAR1000,Elation - SIXBAR 1000,1,,6BAR06,,Lighting,,
4394,SIXBAR1000,Elation - SIXBAR 1000,1,,6BAR06,,Lighting,,
4388,SIXBAR1000,Elation - SIXBAR 1000,1,,6BAR06,,Lighting,,
4391,SIXBAR1000,Elation - SIXBAR 1000,1,,6BAR06,,Lighting,,
7680,ELATION  SIXBAR  1000 CASE,ELATION  SIXBAR 1000 CASE,1,,6BAR06,,Lighting,,
5402,SIXBAR1000,Elation - SIXBAR 1000,1,,6BAR01,,Lighting,,
4475,SIXBAR1000,Elation - SIXBAR 1000,1,,6BAR01,,Lighting,,
4399,SIXBAR1000,Elation - SIXBAR 1000,1,,6BAR01,,Lighting,,
4472,SIXBAR1000,Elation - SIXBAR 1000,1,,6BAR01,,Lighting,,
3750,POWERCONTOEDISON,PowerCon to Male Edison Cable,4,,6BAR01,,Lighting,,
4400,SIXBARFROST,ELATION SIXBAR Frost,4,,6BAR01,,Lighting,,
4401,SIXBARGLARESHIELD,SIXBAR Glare Shield,4,,6BAR01,,Lighting,,
7675,ELATION  SIXBAR  1000 CASE,ELATION  SIXBAR 1000 CASE,1,,6BAR01,,Lighting,,
3969,STX812M,JBL - STX812M,1,,714,,Audio,,
3966,STX812M,JBL - STX812M,1,,714,,Audio,,
7583,JBL STX812M CASE,JBL STX812M CASE,1,,714,,Audio,,
6669,AUDIOMACBOOK,"Audio MacBook Pro 13.3""",1,,1550,,Audio,,
6670,ECHO 11 THUNDERBOLT 4 DOCK,SONNET ECHO 11 THUNDERBOLT 4 DOCK,1,,1550,,Audio,,SOUND DEPT
6698,STREAMDECKXL,Stream Deck XL,1,,1550,,Audio,,
8422,THUNDERBOLT  4 USB C CABLE,THUNDERBOLT  4 USB C CABLE,1,,1550,,Audio,,
111122,"USB ""C"" TO USB ""A"" CABLE","USB ""C"" TO USB ""A"" CABLE",1,,1550,,Audio,,
7799,AUDIO MACBOOK CASE,AUDIO MACBOOK CASE,1,,1550,,Audio,,
3978,LIGHTJOCKEYUSBCABLE,USB-A to USB-B Cable,1,,1550,,Audio,,
5714,ETHERCONBARREL,Ethercon Barrels,4,,1550,,Audio,,
100016,3' CAT6 SHIELDED CABLE,CAT6 SHIELDED CABLE 3',10,,1550,,Audio,,
100015,10' Cat6 Network Cable,CAT6 10',10,,1550,,Audio,,
100014,USB-C to RJ45 Dongle,USB-C to RJ45 Dongle,1,,1550,,Audio,,
100013,USB-A to RJ45 Dongle,USB-A to RJ45 Dongle,1,,1550,,Audio,,
100012,RJ45 Coupler,RJ45 Coupler,2,,1550,,Audio,,
7758,AUDIO NETWORK CABLE KIT,AUDIO NETWORK CABLE KIT CASE,1,,1550,,Audio,,
3978,LIGHTJOCKEYUSBCABLE,USB-A to USB-B Cable,1,,1550,,Audio,,
100012,RJ45 Coupler,RJ45 Coupler,2,,1550,,Audio,,
100013,USB-A to RJ45 Dongle,USB-A to RJ45 Dongle,1,,1550,,Audio,,
100014,USB-C to RJ45 Dongle,USB-C to RJ45 Dongle,1,,1550,,Audio,,
5714,ETHERCONBARREL,Ethercon Barrels,4,,1550,,Audio,,
100016,3' CAT6 SHIELDED CABLE,CAT6 SHIELDED CABLE 3',10,,1550,,Audio,,
100015,10' Cat6 Network Cable,CAT6 10',10,,1550,,Audio,,
7757,AUDIO NETWORK CABLE KIT,AUDIO NETWORK CABLE KIT CASE,1,,1550,,Audio,,
5849,240FT SHIELDED ETHERCON REEL,240FT SHIELDED (BLUE) ETHERCON REEL,1,,1550,,Audio,,
5027,240FT SHIELDED ETHERCON REEL,240FT SHIELDED (BLUE) ETHERCON REEL,1,,1550,,Audio,,
6551,300FT SHIELDED ETHERCON REEL,300FT SHIELDED (RED) ETHERCON REEL,1,,1550,,Audio,,
6531,300FT SHIELDED ETHERCON REEL,300FT SHIELDED (RED) ETHERCON REEL,1,,1550,,Audio,,
7051,SM58,Shure - SM58,1,,XLR01,,Audio,,
6987,PASSSIVEDIBOX,Direct Box - Whirlwind (passive),1,,XLR01,,Audio,,
6985,PASSSIVEDIBOX,Direct Box - Whirlwind (passive),1,,XLR01,,Audio,,
111114,INSTASNAKEFEMALE,CBI - SH3-4F 3 Pin XLR Female to Cat5 Insta-Snake,3,,XLR01,,Audio,,
111115,INSTASNAKEMALE,CBI - SH3-4M 3-Pin XLR Male to Cat-5 Insta-Snake,3,,XLR01,,Audio,,
96603,"XLR MALE TO 1/4""TRS","XLR MALE TO 1/4""TRS",3,,XLR01,,Audio,,
1530,MICCLIP,Mic Clips,1,,XLR01,,Audio,,
3349,WINDSOCKSM58,SM58 Wind Sock,1,,XLR01,,Audio,,
1536,MINI-1/4''CABLE,"1/8"" / Mini - 1/4'' Cables",2,,XLR01,,Audio,,
6618,XLR FEMALE TO 1/4'TRS,XLR FEMALE TO 1/4'TRS,3,,XLR01,,Audio,,
1291,XLR100,XLR Cable 100',4,,XLR01,,Audio,,
1715,XLR50,XLR Cable 50',6,,XLR01,,Audio,,
1712,XLR25,XLR Cable 25',25,,XLR01,,Audio,,
1277,XLR10FT,XLR Cable 10',10,,XLR01,,Audio,,
6634,XLRCABLECASE,XLR Cable Case,1,,XLR01,,Audio,,
1289,NL4100,NL4 Cable 100',2,,1063,,Audio,,
5149,NL4PINSWITCHER,NL4 Pin Switcher,2,,1063,,Audio,,
1544,NL4BARREL,NL4 barrel,8,,1063,,Audio,,
1546,NL4JUMPER,NL4 jumper cable (2' to 4'),6,,1063,,Audio,,
1378,NL410,NL4 Cable 6 to 10',6,,1063,,Audio,,
1341,NL425,NL4 Cable 25',6,,1063,,Audio,,
1374,NL450,NL4 Cable 50',6,,1063,,Audio,,
1289,NL4100,NL4 Cable 100',2,,1063,,Audio,,
2700,NL4CABLECASE,NL4 Cable Case,1,,1063,,Audio,,
8239,CYBER POWER DESK TOP UPS,CYBER POWER DESK TOP UPS,1,,AC106,,Audio,,
1316,AC15FT/10FT,AC Cable 10'-15',6,,AC106,,Audio,,
1339,AC25FT,AC Cable 25',6,,AC106,,Audio,,
1371,AC50FT,AC Cable 50',6,,AC106,,Audio,,
1594,QUADBOX,Quad box,2,,AC106,,Audio,,
1590,POWERSTRIP,Power Strip,2,,AC106,,Audio,,
1469,CUBETAP,Cube Tap / edison,2,,AC106,,Audio,,
3108,DPLUG,D-Plug,2,,AC106,,Audio,,
1283,AC100FT,AC Cable 100',2,,AC106,,Audio,,
2699,ACCABLECASE,AC Cable Case,1,,AC106,,Audio,,
4689,VRX932LA1,JBL - VRX932LA-1,1,,521,,Audio,,
5513,VRX932LA1,JBL - VRX932LA-1,1,,521,,Audio,,
7574,JBL VRX932LA-1 CASE,JBL VRX932LA-1 CASE,1,,521,,Audio,,
5515,VRX932LA1,JBL - VRX932LA-1,1,,520,,Audio,,
4527,VRX932LA1,JBL - VRX932LA-1,1,,520,,Audio,,
7575,JBL VRX932LA-1 CASE,JBL VRX932LA-1 CASE,1,,520,,Audio,,
6552,CPS1215RMS,CYBER POWER- POWER CONDITINER,1,,,,Audio,,
5043,RIO3224D,Yamaha - Rio3224-D,1,,,,Audio,,
6554,AV line M4250-26G4F-POE+,NetGear 24 Port Managed switch,1,,,,Audio,,
6635,RIO3224RACK961,Yamaha- RIO3224 RACK 961,1,,961,,Audio,,
5007,CROWNXTI6002,Crown - XTI 6002,1,,,,Audio,,
2478,DBXDRIVERACKPA,Dbx Drive Rack PA / PA+,1,,,,Audio,,
5005,CROWNXTI6002,Crown - XTI 6002,1,,,,Audio,,
4323,CROWNXTI6002,Crown - XTI 6002,1,,,,Audio,,
6568,XTI6CHAMPRACK,Crown - XTI 6002 6ch Amp Rack,1,,804,,Audio,,
5560,MANFROTTOMHV02ATRIPOD,Manfrotto - MHV02A Fluid Head & 546B Tripod,1,,4X MANFROTTO TRIPOD BAGS,,Video,,
5563,MANFROTTOMHV02ATRIPOD,Manfrotto - MHV02A Fluid Head & 546B Tripod,1,,4X MANFROTTO TRIPOD BAGS,,Video,,
6334,CLEAR COM FREE SPEAK II AC60,CLEAR COM FREE SPEAK II CHARGING PLATE,1,,AVNS01,,Audio,,
5265,MANFROTTOMHV02ATRIPOD,Manfrotto - MHV02A Fluid Head & 546B Tripod,1,,4X MANFROTTO TRIPOD BAGS,,Video,,
6387,AV line M4250-26G4F-POE+,NetGear 24 Port Managed switch,1,,,,Audio,,
6553,CPS1215RMS,CYBER POWER- POWER CONDITINER,1,,,,Audio,,
6390,NEUTRIK NA2-IO-DPRO,NEUTRIK DANTE INTERFACE,1,,,,Audio,,
6389,AVNS 01 CASE,AUDIO TO VIDEO NETWORK DROP,1,,,,Audio,,
6636,AUDIO TO VIDEO NETWORK KIT,Audio to Video Network Kit / AVNS 01,1,,AVNS01,,Audio,,
5562,MANFROTTOMHV02ATRIPOD,Manfrotto - MHV02A Fluid Head & 546B Tripod,1,,4X MANFROTTO TRIPOD BAGS,,Video,,
5355,EON612,JBL - EON612,1,,2X JBL EON612,,Audio,,
5357,EON612,JBL - EON612,1,,2X JBL EON612,,Audio,,
5615,SHUREULXD1WIRELESSBELTPACK,Shure - ULXD1 BP,1,,2007,,Audio,,
4551,SHURELAVWL184,Shure - WL184,1,,2007,,Audio,,
5596,SHURELAVWL184,Shure - WL184,1,,2007,,Audio,,
4550,SHURELAVWL184,Shure - WL184,1,,2007,,Audio,,
4549,SHURELAVWL184,Shure - WL184,1,,2007,,Audio,,
5636,SHUREULXD2WIRELESSHH,Shure - ULXD2/B58 (HH),1,,2007,,Audio,,
5633,SHUREULXD2WIRELESSHH,Shure - ULXD2/B58 (HH),1,,2007,,Audio,,
5628,SHUREULXD2WIRELESSHH,Shure - ULXD2/B58 (HH),1,,2007,,Audio,,
4543,SHUREULXD2WIRELESSHH,Shure - ULXD2/B58 (HH),1,,2007,,Audio,,
5624,SHUREULXD1WIRELESSBELTPACK,Shure - ULXD1 BP,1,,2007,,Audio,,
5614,SHUREULXD1WIRELESSBELTPACK,Shure - ULXD1 BP,1,,2007,,Audio,,
4553,SHUREULXD1WIRELESSBELTPACK,Shure - ULXD1 BP,1,,2007,,Audio,,
5621,SHUREULXD1WIRELESSBELTPACK,Shure - ULXD1 BP,1,,2007,,Audio,,
5641,SHUREULXD2WIRELESSHH,Shure - ULXD2/B58 (HH),1,,2007,,Audio,,
5640,SHUREULXD2WIRELESSHH,Shure - ULXD2/B58 (HH),1,,2007,,Audio,,
5642,SHUREULXD2WIRELESSHH,Shure - ULXD2/B58 (HH),1,,2007,,Audio,,
5632,SHUREULXD2WIRELESSHH,Shure - ULXD2/B58 (HH),1,,2007,,Audio,,
4552,SHUREULXD1WIRELESSBELTPACK,Shure - ULXD1 BP,1,,2007,,Audio,,
5625,SHUREULXD1WIRELESSBELTPACK,Shure - ULXD1 BP,1,,2007,,Audio,,
5623,SHUREULXD1WIRELESSBELTPACK,Shure - ULXD1 BP,1,,2007,,Audio,,
4556,SHUREULXD1WIRELESSBELTPACK,Shure - ULXD1 BP,1,,2007,,Audio,,
5602,SHURELAVWL184,Shure - WL184,1,,2007,,Audio,,
5601,SHURELAVWL184,Shure - WL184,1,,2007,,Audio,,
5599,SHURELAVWL184,Shure - WL184,1,,2007,,Audio,,
5600,SHURELAVWL184,Shure - WL184,1,,2007,,Audio,,
5597,SHURELAVWL184,Shure - WL184,1,,2007,,Audio,,
5598,SHURELAVWL184,Shure - WL184,1,,2007,,Audio,,
5608,SHURELAVWL184,Shure - WL184,1,,2007,,Audio,,
5607,SHURELAVWL184,Shure - WL184,1,,2007,,Audio,,
5638,SHUREULXD2WIRELESSHH,Shure - ULXD2/B58 (HH),1,,2007,,Audio,,
5643,SHUREULXD2WIRELESSHH,Shure - ULXD2/B58 (HH),1,,2007,,Audio,,
5639,SHUREULXD2WIRELESSHH,Shure - ULXD2/B58 (HH),1,,2007,,Audio,,
4540,SHUREULXD2WIRELESSHH,Shure - ULXD2/B58 (HH),1,,2007,,Audio,,
5612,SHUREULXD1WIRELESSBELTPACK,Shure - ULXD1 BP,1,,2007,,Audio,,
5627,SHUREULXD1WIRELESSBELTPACK,Shure - ULXD1 BP,1,,2007,,Audio,,
4559,SHUREULXD1WIRELESSBELTPACK,Shure - ULXD1 BP,1,,2007,,Audio,,
4253,SHUREANTENNAUA874US,Shure - UA874US (470-698 MHz),1,,2007,,Audio,,
7301,SHUREANTENNAUA874US,Shure - UA874US (470-698 MHz),1,,2007,,Audio,,
4561,SHUREULXD4QRECEIVER,Shure - ULXD4Q,1,,2007,,Audio,,
4560,SHUREULXD4QRECEIVER,Shure - ULXD4Q,1,,2007,,Audio,,
5644,SHUREULXD4QRECEIVER,Shure - ULXD4Q,1,,2007,,Audio,,
3256,SHUREANTENNADISTROUA845,Shure - UA845 (470-952 MHz),1,,2007,,Audio,,
10003,AABATTERIES,AA Batteries,72,,2007,,Audio,,
5595,SHUREMICCLIPWIRELESSHH,Shure - Wireless Mic Clip,12,,2007,,Audio,,
3257,BNCWIRELESSANTENNACABLE,ASG - LMR-400 - 25' BNC Antenna Cable,2,,2007,,Audio,,
6377,AV line M4250-26G4F-POE+,NetGear 24 Port Managed switch,1,,2007,,Audio,,
6378,CPS1215RMS,CYBER POWER- POWER CONDITINER,1,,2007,,Audio,,
6376,CASE# 2007,CASE# 2007,1,,2007,,Audio,,
5395,CHIEFPF1TVSTAND,Chief - PF-1,1,,2X CHIEF PLASMA STAND,,Video,,
3760,CHIEFPF1TVSTAND,Chief - PF-1,1,,2X CHIEF PLASMA STAND,,Video,,
6343,CC-28-X4 Headset,Clear Com - CC-28-X4 Headset,1,,COM03 B,,Audio,,
6354,CC-28-X4 Headset,Clear Com - CC-28-X4 Headset,1,,COM03 B,,Audio,,
6351,CC-28-X4 Headset,Clear Com - CC-28-X4 Headset,1,,COM03 B,,Audio,,
6337,CC-28-X4 Headset,Clear Com - CC-28-X4 Headset,1,,COM03 B,,Audio,,
6353,CC-28-X4 Headset,Clear Com - CC-28-X4 Headset,1,,COM03 B,,Audio,,
6316,CC-28-X4 Headset,Clear Com - CC-28-X4 Headset,1,,COM03 B,,Audio,,
6355,CC-28-X4 Headset,Clear Com - CC-28-X4 Headset,1,,COM03 B,,Audio,,
6348,CC-28-X4 Headset,Clear Com - CC-28-X4 Headset,1,,COM03 B,,Audio,,
6356,CC-28-X4 Headset,Clear Com - CC-28-X4 Headset,1,,COM03 B,,Audio,,
6352,CC-28-X4 Headset,Clear Com - CC-28-X4 Headset,1,,COM03 B,,Audio,,
6342,CC-28-X4 Headset,Clear Com - CC-28-X4 Headset,1,,COM03 B,,Audio,,
10004,BAT 60,Clear com Free speak belt pack battery,20,,COM03 B,,Audio,,
6333,Clear com BP1G9,Clear Com FREE SPEAK  II Wireless BP,1,,COM03 B,,Audio,,
6325,Clear com BP1G9,Clear Com FREE SPEAK  II Wireless BP,1,,COM03 B,,Audio,,
6332,Clear com BP1G9,Clear Com FREE SPEAK  II Wireless BP,1,,COM03 B,,Audio,,
6326,Clear com BP1G9,Clear Com FREE SPEAK  II Wireless BP,1,,COM03 B,,Audio,,
6027,Clear com BP1G9,Clear Com FREE SPEAK  II Wireless BP,1,,COM03 B,,Audio,,
6335,CLEAR COM FREE SPEAK II AC60,CLEAR COM FREE SPEAK II CHARGING PLATE,1,,COM03 B,,Audio,,
6025,Clear com BP1G9,Clear Com FREE SPEAK  II Wireless BP,1,,COM03 B,,Audio,,
6024,Clear com BP1G9,Clear Com FREE SPEAK  II Wireless BP,1,,COM03 B,,Audio,,
6329,Clear com BP1G9,Clear Com FREE SPEAK  II Wireless BP,1,,COM03 B,,Audio,,
6330,Clear com BP1G9,Clear Com FREE SPEAK  II Wireless BP,1,,COM03 B,,Audio,,
6331,Clear com BP1G9,Clear Com FREE SPEAK  II Wireless BP,1,,COM03 B,,Audio,,
6336,Com 03 Case B,Com 03 Case B,1,,COM03 B,,Audio,,
7425,STRAIGHTMICSTAND,Microphone straight stand,1,,COM03 A,,Audio,,
7422,STRAIGHTMICSTAND,Microphone straight stand,1,,COM03 A,,Audio,,
6322,TCVRIP-US,CLEAR COM FREE SPEAK II POE ANTENNA,1,,COM03 A,,Audio,,
6323,TCVRIP-US,CLEAR COM FREE SPEAK II POE ANTENNA,1,,COM03 A,,Audio,,
6380,CPS1215RMS,CYBER POWER- POWER CONDITINER,1,,COM03 A,,Audio,,
7448,STRAIGHTSTANDBASE,Straight Mic Stand Bases,1,,COM03 A,,Audio,,
7449,STRAIGHTSTANDBASE,Straight Mic Stand Bases,1,,COM03 A,,Audio,,
6321,Q210P,Punqtum Q210P base station,1,,COM03 A,,Audio,,
6320,Free Speak Edge,Clear Com Edge base station,1,,COM03 A,,Audio,,
6319,AV line M4250-26G4F-POE+,NetGear 24 Port Managed switch,1,,COM03 A,,Audio,,
6318,Com 03  Case A,Com 03  Case A,1,,COM03 A,,Audio,,
1590,POWERSTRIP,Power Strip,6,,AC107,,Video,,
1469,CUBETAP,Cube Tap / edison,6,,AC107,,Video,,
1316,AC15FT/10FT,AC Cable 10'-15',6,,AC107,,Video,,
1339,AC25FT,AC Cable 25',6,,AC107,,Video,,
1371,AC50FT,AC Cable 50',6,,AC107,,Video,,
1594,QUADBOX,Quad box,2,,AC107,,Video,,
1590,POWERSTRIP,Power Strip,2,,AC107,,Video,,
3108,DPLUG,D-Plug,2,,AC107,,Video,,
1469,CUBETAP,Cube Tap / edison,2,,AC107,,Video,,
1283,AC100FT,AC Cable 100',2,,AC107,,Video,,
2698,ACCABLECASE,AC Cable Case,1,,AC107,,Video,,
3501,DSANCAT5100FT,D'San - 100' Cat5 Cable,1,,SPEAKERTIMER02,,Video,,
3499,DSANACADAPTOR,D'San - A/C Adaptor,2,,SPEAKERTIMER02,,Video,,
6581,DSANLARGECLOCK,D'San - ASL4-ND3 Large Digital Display,1,,SPEAKERTIMER02,,Video,,
3500,DSANCAT5TOXLRADAPTOR,D'San - Cat5 to XLR Adaptor,1,,SPEAKERTIMER02,,Video,,
6577,DSANPRO2000,D'San - PRO-2000 Limitimer,1,,SPEAKERTIMER02,,Video,,
6579,DSANSPEAKERCLOCK,D'San - PSL20V Speaker Clock,1,,SPEAKERTIMER02,,Video,,
7761,DSAN SPEAKER TIMER CASE,DSAN SPEAKER TIMER CASE,1,,SPEAKERTIMER02,,Video,,
5412,SPIDERPOD,Spider Pod Tripod Platform,1,,4X SPIDERPOD,,Video,,
5555,SPIDERPOD,Spider Pod Tripod Platform,1,,4X SPIDERPOD,,Video,,
5556,SPIDERPOD,Spider Pod Tripod Platform,1,,4X SPIDERPOD,,Video,,
5554,SPIDERPOD,Spider Pod Tripod Platform,1,,4X SPIDERPOD,,Video,,
6529,300FT NON SHIELDED ETHERCON REEL,300FT NON SHIELDED (GREEN) ETHERCON REEL,1,,TUB 17,,Video,,
5028,300FT NON SHIELDED ETHERCON REEL,300FT NON SHIELDED (GREEN) ETHERCON REEL,1,,1525,,Video,,
5041,300FT NON SHIELDED ETHERCON REEL,300FT NON SHIELDED (GREEN) ETHERCON REEL,1,,1525,,Video,,
5405,300FT NON SHIELDED ETHERCON REEL,300FT NON SHIELDED (GREEN) ETHERCON REEL,1,,1525,,Video,,
,,Network Switch !!!,1,NS,1525,,Video,Nonstock Item.,
5714,ETHERCONBARREL,Ethercon Barrels,8,,1525,,Video,,
6715,STREAMDECKMK2,Stream Deck MK.2,1,,1525,,Video,,
5729,1TBHARDDRIVE,Samsung/PNY - 860 EVO 1TB SSD Hard Drive,1,,1525,,Video,,
7560,1TBHARDDRIVE,Samsung/PNY - 860 EVO 1TB SSD Hard Drive,1,,1525,,Video,,
5320,1TBHARDDRIVE,Samsung/PNY - 860 EVO 1TB SSD Hard Drive,1,,1525,,Video,,
7933,1TBHARDDRIVE,Samsung/PNY - 860 EVO 1TB SSD Hard Drive,1,,1525,,Video,,
7929,1TBHARDDRIVE,Samsung/PNY - 860 EVO 1TB SSD Hard Drive,1,,1525,,Video,,
5730,1TBHARDDRIVE,Samsung/PNY - 860 EVO 1TB SSD Hard Drive,1,,1525,,Video,,
7927,1TBHARDDRIVE,Samsung/PNY - 860 EVO 1TB SSD Hard Drive,1,,1525,,Video,,
7934,1TBHARDDRIVE,Samsung/PNY - 860 EVO 1TB SSD Hard Drive,1,,1525,,Video,,
5549,MAGEWELLUSBCAPTUREPLUS,Magewell - USB Capture Plus,1,,1525,,Video,,
5733,MAGEWELLUSBCAPTUREPLUS,Magewell - USB Capture Plus,1,,1525,,Video,,
5789,MAGEWELLUSBCAPTUREPLUS,Magewell - USB Capture Plus,1,,1525,,Video,,
5802,MAGEWELLUSBCAPTUREPLUS,Magewell - USB Capture Plus,1,,1525,,Video,,
5448,MAGEWELLUSBCAPTUREPLUS,Magewell - USB Capture Plus,1,,1525,,Video,,
5803,MAGEWELLUSBCAPTUREPLUS,Magewell - USB Capture Plus,1,,1525,,Video,,
5801,MAGEWELLUSBCAPTUREPLUS,Magewell - USB Capture Plus,1,,1525,,Video,,
3946,SDITOHDMIMINICONVERTER,SDI to HDMI Mini Converter,1,,1525,,Video,,
4506,SDITOHDMIMINICONVERTER,SDI to HDMI Mini Converter,1,,1525,,Video,,
4616,SDITOHDMIMINICONVERTER,SDI to HDMI Mini Converter,1,,1525,,Video,,
4509,SDITOHDMIMINICONVERTER,SDI to HDMI Mini Converter,1,,1525,,Video,,
4423,SDITOHDMIMINICONVERTER,SDI to HDMI Mini Converter,1,,1525,,Video,,
4421,SDITOHDMIMINICONVERTER,SDI to HDMI Mini Converter,1,,1525,,Video,,
4574,DECIMATORMDHX,Decimator - MD-HX HDMI/SDI Cross Converter,1,,1525,,Video,,
4585,DECIMATORMDHX,Decimator - MD-HX HDMI/SDI Cross Converter,1,,1525,,Video,,
4579,DECIMATORMDHX,Decimator - MD-HX HDMI/SDI Cross Converter,1,,1525,,Video,,
4577,DECIMATORMDHX,Decimator - MD-HX HDMI/SDI Cross Converter,1,,1525,,Video,,
4581,DECIMATORMDHX,Decimator - MD-HX HDMI/SDI Cross Converter,1,,1525,,Video,,
4482,DECIMATORMDHX,Decimator - MD-HX HDMI/SDI Cross Converter,1,,1525,,Video,,
4583,DECIMATORMDHX,Decimator - MD-HX HDMI/SDI Cross Converter,1,,1525,,Video,,
4590,DECIMATORMDHX,Decimator - MD-HX HDMI/SDI Cross Converter,1,,1525,,Video,,
5767,DECIMATORMDHX,Decimator - MD-HX HDMI/SDI Cross Converter,1,,1525,,Video,,
4580,DECIMATORMDHX,Decimator - MD-HX HDMI/SDI Cross Converter,1,,1525,,Video,,
4458,DECIMATORMDHX,Decimator - MD-HX HDMI/SDI Cross Converter,1,,1525,,Video,,
5569,DECIMATORMDHX,Decimator - MD-HX HDMI/SDI Cross Converter,1,,1525,,Video,,
5394,ROBOCAM,Panasonic - AW-HE130K,1,,ROBO1,,Video,,
6801,NETWORK SWITCH,AUMOX SG308P 8 PORT  SWITCH,1,,ROBO1,,Video,,
5559,ROBOCAM,Panasonic - AW-HE130K,1,,ROBO1,,Video,,
5594,ROBOCAMCONTROLLER,Panasonic - AW-RP50,1,,ROBO1,,Video,,
7825,PANASONIC ROBO CAMERA CASE,PANASONIC ROBO CAMERA CASE,1,,ROBO1,,Video,,
5558,ROBOCAM,Panasonic - AW-HE130K,1,,ROBO2,,Video,,
7826,PANASONIC ROBO CAMERA CASE,PANASONIC ROBO CAMERA CASE,1,,ROBO2,,Video,,
4812,ROBOCAM,Panasonic - AW-HE130K,1,,ROBO3,,Video,,
7827,PANASONIC ROBO CAMERA CASE,PANASONIC ROBO CAMERA CASE,1,,ROBO3,,Video,,
5874,27INCHMONITOR,"ASUS - ProArt Display 27"" Monitor",1,,V706,,Video,,
7824,"27"" LCD MONITOR SINGLE PACK CASE","27"" LCD MONITOR SINGLE PACK CASE",1,,V706,,Video,,
5747,24INCHMONITOR,"ASUS/Insignia/Acer - 24"" LCD Monitor",1,,1503,,Video,,
5746,24INCHMONITOR,"ASUS/Insignia/Acer - 24"" LCD Monitor",1,,1503,,Video,,
7817,"24"" LCD MONITOR 2 PACK CASE","24"" LCD MONITOR 2 PACK CASE",1,,1503,,Video,,
4871,VIDEOCRASHBOX,Video Crash Box,1,,1525,,Video,,
,,White Balance Sheet !!!!,1,NS,1525,,Video,Nonstock Item.,
,TV Screen cleaning kit,TV Screen cleaning kit,1,,1525,,Video,,
4809,PIXLR,Video Devices - PIX-LR,1,,1525,,Video,,
4811,PIXE7,Video Devices - PIX-E7,1,,1525,,Video,,
4810,240GBSPEEDDRIVE,Video Devices - 240GB SpeedDrive,1,,1525,,Video,,
6005,STREAMDECKXL,Stream Deck XL,1,,1525,,Video,,
6009,Mac Book Pro 14,"14"" MacBook Pro with M1 Pro Chip 512 GIG",1,,1525,,Video,,
5742,LAPTOPCOMPUTERACERNITRO,ACER - Nitro Laptop Computer,1,,1525,,Video,,
5764,LAPTOPCOMPUTERACERNITRO,ACER - Nitro Laptop Computer,1,,1525,,Video,,
5763,LAPTOPCOMPUTERACERNITRO,ACER - Nitro Laptop Computer,1,,1525,,Video,,
6776,LAPTOPCOMPUTERACERNITRO,ACER - Nitro Laptop Computer,1,,1525,,Video,,
5744,LAPTOPCOMPUTERACERNITRO,ACER - Nitro Laptop Computer,1,,1525,,Video,,
5743,LAPTOPCOMPUTERACERNITRO,ACER - Nitro Laptop Computer,1,,1525,,Video,,
6777,LAPTOPCOMPUTERACERNITRO,ACER - Nitro Laptop Computer,1,,1525,,Video,,
4186,SDI50FT,HD/SDI Cable 50',10,,1531,,Video,,
4656,SDI3FT,HD/SDI Cable 3',40,,1531,,Video,,
4185,SDI25FT,HD/SDI Cable 25',14,,1531,,Video,,
4655,SDI10FT,HD/SDI Cable 10',40,,1531,,Video,,
4187,SDI100FT,HD/SDI Cable 100',10,,1531,,Video,,
5351,HDMI3FT/6FT,HDMI Cable 3' / 6',10,,1531,,Video,,
3791,HDMI25FT,HDMI Cable 25',14,,1531,,Video,,
3788,HDMI10FT/15FT,HDMI Cable 10' / 15',24,,1531,,Video,,
,CAT66FTRJ45,CAT6 Cable w/ RJ45 Connector 6',8,,1531,,Video,,
100018,CAT650RJ45,CAT6 Cable w/ RJ45 Connector 50',3,,1531,,Video,,
,CAT62FTRJ45,CAT6 Cable w/ RJ45 Connector 2',8,,1531,,Video,,
100019,CAT625FTRJ45,CAT6 Cable w/ RJ45 Connector 25',8,,1531,,Video,,
,CAT6100RJ45,CAT6 Cable w/ RJ45 Connector 100',3,,1531,,Video,,
5648,CAT510FT,CAT5 Cable 10',18,,1531,,Video,,
5032,50INCHVIZIOLEDTV,"VIZIO - SmartCast E-Series 50"" LED TV",1,,V500,,Video,,
5030,50INCHVIZIOLEDTV,"VIZIO - SmartCast E-Series 50"" LED TV",1,,V500,,Video,,
4601,50INCHVIZIOLEDTV,"VIZIO - SmartCast E-Series 50"" LED TV",1,,V500,,Video,,
7556,VIRTUALKIOSK43INCH,"42"" Digital Display Virtual Presenter Kiosk",1,,KIOSK01,,Video,,
4610,1MEBROADCASTPANEL,BlackMagic - ATEM 1 M/E Broadcast Panel,1,,BP01,,Video,,
6924,TL SG108,TP LINK 8 PORT GIGABIT SMART SWITCH,1,,V208,,Video,,
6922,UPSPOWERCONDITIONER,SMC1500-2U,1,,V208,,Video,,
5749,CONSTELLATION8K,BlackMagic - ATEM Constellation 8k,1,,V208,,Video,,
8243,HYPERDECKSTUDIO4KPRO12GSDI,Blackmagic - HyperDeck Studio 4K Pro 12G SDI,1,,V208,,Video,,
8242,HYPERDECKSTUDIO4KPRO12GSDI,Blackmagic - HyperDeck Studio 4K Pro 12G SDI,1,,V208,,Video,,
5866,HYPERDECKSTUDIO4KPRO,Blackmagic - HyperDeck Studio 4K Pro,1,,V208,,Video,,
5867,HYPERDECKSTUDIO4KPRO,Blackmagic - HyperDeck Studio 4K Pro,1,,V208,,Video,,
5865,HYPERDECKSTUDIO4KPRO,Blackmagic - HyperDeck Studio 4K Pro,1,,V208,,Video,,
6921,CPS1215RMS,CYBER POWER- POWER CONDITINER,1,,V208,,Video,,
4449,SMARTSCOPEPREVIEWMONITOR,Blackmagic - Smartscope Duo 4K,1,,V208,,Video,,
6771,"HP - Victus 15.6""  Laptop (15-1013DX)","HP - Victus 15.6""  Laptop Computer (r)",1,,V208,,Video,,
7540,20 space rolling unit rack,20 space rolling unit rack,1,,V208,,Video,,
